fecha,BASE_Q1_2027,BASE_Q2_2027,BASE_Q4_2026,BASE_YEAR_2027,BASE_M_Oct-26,BASE_M_Nov-26,BASE_M_Dec-26,BASE_YEAR_2028,BASE_Q3_2027
2026-01-02,,,27.15,25.09,,,,,
2026-01-05,,,26.22,24.3,,,,,
2026-01-06,,,26.53,24.57,,,,,
2026-01-07,,,26.75,24.45,,,,,
2026-01-08,,,26.35,24.05,,,,,
2026-01-09,,,26.35,24.2,,,,,
2026-01-12,,,26.67,24.4,,,,,
2026-01-13,,,27.1,24.5,,,,,
2026-01-14,,,26.39,24.25,,,,,
2026-01-15,,,27.12,24.2,,,,,
2026-01-16,,,28.58,25.25,,,,,
2026-01-19,,,28.28,24.85,,,,,
2026-01-20,,,28.8,25.25,,,,,
2026-01-21,,,29.87,26.4,,,,,
2026-01-22,,,29.6,26.1,,,,,
2026-01-23,,,29.27,25.7,,,,,
2026-01-26,,,28.45,25.15,,,,,
2026-01-27,,,28.16,25.0,,,,,
2026-01-28,,,28.84,25.45,,,,,
2026-01-29,,,30.51,26.05,,,,,
2026-01-30,,,31.06,26.94,,,,,
2026-02-02,,,29.3,25.55,,,,,
2026-02-03,,,29.02,25.4,,,,,
2026-02-04,,,29.59,25.9,,,,,
2026-02-05,,,29.56,25.8,,,,,
2026-02-06,,,30.62,26.2,,,,,
2026-02-09,,,30.15,26.05,,,,,
2026-02-10,,,29.37,25.55,,,,,
2026-02-11,,,29.4,25.75,,,,,
2026-02-12,,,29.94,26.0,,,,,
2026-02-13,,,29.64,25.95,,,,,
2026-02-16,,,28.87,25.7,,,,,
2026-02-17,,,26.35,25.4,,,,,
2026-02-18,,,28.98,26.0,,,,,
2026-02-19,,,31.0,27.05,,,,,
2026-02-20,,,30.22,26.45,,,,,
2026-02-23,,,30.34,26.7,,,,,
2026-02-24,,,29.54,26.2,,,,,
2026-02-25,,,29.86,26.2,,,,,
2026-02-26,,,30.71,26.6,,,,,
2026-02-27,,,31.0,26.44,,,,,
2026-03-02,,,36.57,28.39,,,,,
2026-03-03,,,45.78,31.49,,,,,
2026-03-04,,,39.78,30.07,,,,,
2026-03-05,,,47.76,31.59,,,,,
2026-03-06,,,46.83,35.0,,,,,
2026-03-09,,,51.2,38.44,,,,,
2026-03-10,,,44.8,34.09,,,,,
2026-03-11,,,45.9,35.14,,,,,
2026-03-12,,,47.32,36.15,,,,,
2026-03-13,,,46.87,36.15,,,,,
2026-03-16,,,47.74,36.98,,,,,
2026-03-17,,,48.76,37.74,,,,,
2026-03-18,,,51.26,38.16,,,,,
2026-03-19,,,59.21,46.13,,,,,
2026-03-20,,,57.78,45.04,,,,,
2026-03-23,,,56.08,45.15,,,,,
2026-03-24,,,53.23,42.96,,,,,
2026-03-25,,,52.4,41.93,,,,,
2026-03-26,,,55.0,43.63,,,,,
2026-03-27,,,54.05,43.48,,,,,
2026-03-30,54.36,,55.03,43.75,,,,,
2026-03-31,49.05,,49.74,40.59,,,,,
2026-04-01,45.69,,46.7,38.4,,,,,
2026-04-02,49.0,,50.17,40.45,,,,,
2026-04-07,49.79,,51.2,40.45,,,,,
2026-04-08,43.52,,44.77,36.65,,,,,
2026-04-10,41.42,,42.63,34.68,,,,,
2026-04-13,42.27,,45.0,35.7,,,,,
2026-04-14,39.9,,41.14,33.7,,,,,
2026-04-15,38.59,,39.95,33.15,,,,,
2026-04-16,40.44,,41.44,34.4,,,,,
2026-04-17,37.29,,37.86,32.45,,,,,
2026-04-20,38.03,,38.63,32.9,,,,,
2026-04-21,39.89,,40.86,34.25,,,,,
2026-04-22,41.27,,42.18,35.3,,,,,
2026-04-23,41.37,,42.98,35.4,,,,,
2026-04-24,42.55,,43.7,36.72,,,,,
2026-04-27,42.48,,43.28,36.13,,,,,
2026-04-28,41.55,,42.7,35.63,,,,,
2026-04-29,44.64,,45.6,37.36,,,,,
2026-04-30,43.68,,44.71,36.47,,,,,
2026-05-04,45.91,,46.98,37.85,,,,,
2026-05-05,44.59,,45.6,37.03,,,,,
2026-05-06,41.25,,42.63,35.2,,,,,
2026-05-07,41.43,,42.56,35.15,,,,,
2026-05-08,41.09,,43.09,35.28,,,,,
2026-05-11,43.72,,44.73,36.48,,,,,
2026-05-12,43.76,,45.09,36.58,,,,,
2026-05-13,44.03,,45.42,36.68,,,,,
2026-05-15,45.73,,47.88,37.25,,,,,
2026-05-18,45.64,,47.84,37.15,,,,,
2026-05-19,47.19,,49.84,37.93,,,,,
2026-05-20,45.66,,47.33,37.0,,,,,
2026-05-21,45.85,,47.99,36.83,,,,,
2026-05-22,44.69,,46.65,36.58,,,,,
2026-05-25,42.57,,44.22,35.28,,,,,
2026-05-26,43.68,,45.66,36.08,,,,,
2026-05-27,43.06,,44.88,35.83,,,,,
2026-05-28,42.98,,44.96,35.68,,,,,
2026-05-29,42.42,,44.24,35.24,,,,,
2026-06-01,44.78,,46.96,36.78,,,,,
2026-06-02,43.82,,45.82,36.13,,,,,
2026-06-03,45.28,,46.96,36.63,,,,,
2026-06-04,44.82,,47.11,36.48,,,,,
2026-06-05,44.61,,46.79,36.42,,,,,
2026-06-08,46.42,,48.76,37.18,,,,,
2026-06-09,45.54,,47.5,36.58,,,,,
2026-06-10,46.74,,48.7,37.33,,,,,
2026-06-11,46.88,,48.56,37.48,,,,,
2026-06-12,45.36,,46.83,36.85,,,,,
2026-06-15,40.32,,41.43,34.03,,,,,
2026-06-16,39.9,,41.08,34.05,,,,,
2026-06-17,39.5,,40.94,33.78,,,,,
2026-06-18,38.54,,40.5,33.45,,,,,
2026-06-19,40.45,,41.6,34.18,,,,,
2026-06-22,40.34,,41.21,34.23,,,,,
2026-06-23,40.31,,41.18,34.13,,,,,
2026-06-24,39.25,,40.0,33.38,,,,,
2026-06-25,38.98,,39.31,33.18,,,,,
2026-06-26,38.8,,39.66,33.03,,,,,
2026-06-29,40.34,31.94,41.0,33.5,,,,,
2026-06-30,41.08,32.34,42.2,34.03,,,,,
2026-07-01,40.63,32.5,42.12,33.95,,,,,
2026-07-02,41.59,32.38,43.15,34.2,,,,,
2026-07-03,41.38,32.93,43.65,34.53,,,,,
2026-07-06,41.29,32.59,43.25,34.13,,,,,
2026-07-07,43.54,33.38,45.7,35.39,,,,,
2026-07-08,45.56,34.66,47.68,36.7,,,,,
2026-07-09,46.39,35.3,48.68,37.2,,,,,
2026-07-14,49.58,38.01,51.85,39.9,,,,,
2026-07-15,51.26,39.14,53.48,41.03,,,,,
2026-07-16,51.29,38.64,53.84,40.6,,,,,
2026-07-17,53.4,39.29,56.13,41.33,,,,,
2026-07-20,53.94,39.24,57.18,41.35,,,,,
2026-07-21,54.24,39.45,58.47,41.8,,,,,
2026-07-22,57.03,40.79,61.38,43.48,,,,,
2026-07-23,56.64,41.18,60.58,43.63,,,,,
2026-07-24,58.95,42.11,61.48,44.53,,,,,
2026-07-27,53.15,39.59,57.11,42.06,,,,,
2026-07-28,52.31,39.0,56.15,40.65,,,,,
2026-07-29,54.33,39.57,58.22,41.78,,,,,
2026-07-30,52.4,38.8,57.99,41.45,,,,,
2026-07-31,53.96,38.63,57.59,41.15,,,,,
2026-08-03,53.34,37.37,56.78,40.05,,,,,
2026-08-04,51.67,36.97,54.6,39.45,,,,,
2026-08-05,49.05,35.89,51.03,37.88,,,,,
2026-08-06,51.82,37.43,54.85,39.93,,,,,
2026-08-07,51.33,37.61,54.1,39.75,,,,,
2026-08-10,56.64,39.79,59.88,42.78,,,,,
2026-08-11,54.69,38.29,58.13,41.43,,,,,
2026-08-12,56.85,39.64,59.58,42.43,,,,,
2026-08-13,57.2,39.62,59.93,42.88,,,,,
2026-08-14,56.47,39.81,60.05,42.73,,,,,
2026-08-17,58.5,40.02,60.5,43.21,,,,,
2026-08-18,60.45,41.09,62.73,44.63,,,,,
2026-08-19,60.36,41.55,62.33,44.88,,,,,
2026-08-20,62.24,43.17,64.23,46.43,,,,,
2026-08-28,62.85,44.69,65.48,47.83,,,,,
2026-08-31,66.35,46.9,68.88,50.38,,,,,
2026-09-01,68.35,48.2,70.98,51.6,,,,,
2026-09-02,69.45,49.77,72.28,53.33,,,,,
2026-09-03,67.56,48.83,70.57,52.08,,,,,
2026-09-04,66.93,49.02,71.18,52.43,,,,,
2026-09-07,70.1,50.32,72.24,53.48,,,,,
2026-09-09,72.85,52.02,75.28,55.48,75.68,75.2,74.96,34.8,
2026-09-10,72.85,52.02,75.28,55.48,75.68,75.2,74.96,34.8,
2026-09-11,75.38,53.8,78.54,57.38,79.28,78.56,77.78,35.24,
2026-09-12,77.69,56.08,81.53,59.63,81.73,81.38,81.48,36.31,
2026-09-17,77.36,55.76,78.88,57.83,79.85,78.83,77.96,36.0,
2026-09-18,75.82,54.99,77.0,58.63,77.73,78.0,75.3,35.89,
2026-09-19,76.14,53.74,75.73,56.73,76.88,75.49,74.81,35.73,
2026-09-22,75.91,55.52,77.83,58.38,79.4,77.7,76.38,36.64,
2026-09-23,68.44,53.55,74.7,57.28,73.25,75.54,75.34,36.06,
2026-09-25,70.13,53.21,71.95,56.05,72.05,71.83,71.97,36.4,
2026-09-26,72.78,55.41,74.5,57.7,74.8,74.8,73.91,37.7,
2026-09-29,69.89,53.59,70.4,55.75,71.58,70.85,68.78,36.8,
2026-09-30,67.81,52.27,,54.39,70.15,69.04,68.7,35.93,49.53
