fecha,precio
2016-09-07,16.64
2016-09-08,17.13
2016-09-09,16.85
2016-09-10,16.91
2016-09-11,17.07
2016-09-12,17.23
2016-09-13,17.7
2016-09-14,17.89
2016-09-15,17.46
2016-09-16,16.79
2016-09-17,16.63
2016-09-18,16.6
2016-09-19,16.79
2016-09-20,16.82
2016-09-21,16.64
2016-09-22,16.78
2016-09-23,16.46
2016-09-24,16.67
2016-09-25,16.7
2016-09-26,16.59
2016-09-27,16.77
2016-09-28,16.79
2016-09-29,16.88
2016-09-30,16.86
2016-10-01,17.07
2016-10-02,17.19
2016-10-03,16.79
2016-10-04,17.21
2016-10-05,17.23
2016-10-06,17.84
2016-10-07,18.99
2016-10-08,19.54
2016-10-09,18.0
2016-10-10,19.07
2016-10-11,19.11
2016-10-12,17.58
2016-10-13,18.75
2016-10-14,18.94
2016-10-15,17.7
2016-10-16,17.32
2016-10-17,19.74
2016-10-18,20.24
2016-10-19,20.83
2016-10-20,21.53
2016-10-21,21.59
2016-10-22,18.9
2016-10-23,18.88
2016-10-24,21.73
2016-10-25,21.77
2016-10-26,21.8
2016-10-27,21.8
2016-10-28,21.67
2016-10-29,20.44
2016-10-30,20.14
2016-10-31,21.27
2016-11-01,19.16
2016-11-02,21.53
2016-11-03,21.66
2016-11-04,21.5
2016-11-05,19.54
2016-11-06,20.82
2016-11-07,21.52
2016-11-08,21.64
2016-11-09,21.63
2016-11-10,22.32
2016-11-11,22.21
2016-11-12,21.93
2016-11-13,20.57
2016-11-14,21.78
2016-11-15,21.93
2016-11-16,22.37
2016-11-17,22.6
2016-11-18,22.96
2016-11-19,21.88
2016-11-20,20.04
2016-11-21,22.9
2016-11-22,22.87
2016-11-23,22.98
2016-11-24,22.91
2016-11-25,22.86
2016-11-26,20.95
2016-11-27,21.62
2016-11-28,23.25
2016-11-29,23.26
2016-11-30,23.19
2016-12-01,23.09
2016-12-02,23.19
2016-12-03,22.35
2016-12-04,23.08
2016-12-05,23.3
2016-12-06,23.38
2016-12-07,23.24
2016-12-08,22.52
2016-12-09,22.42
2016-12-10,22.06
2016-12-11,22.25
2016-12-12,23.72
2016-12-13,25.04
2016-12-14,25.96
2016-12-15,26.21
2016-12-16,26.11
2016-12-17,24.43
2016-12-18,25.22
2016-12-19,25.48
2016-12-20,25.42
2016-12-21,26.83
2016-12-22,26.74
2016-12-23,26.51
2016-12-24,25.46
2016-12-25,24.74
2016-12-26,18.29
2016-12-27,19.69
2016-12-28,22.98
2016-12-29,24.55
2016-12-30,24.88
2016-12-31,24.66
2017-01-01,28.93
2017-01-02,27.91
2017-01-03,29.11
2017-01-04,29.06
2017-01-05,29.32
2017-01-06,30.24
2017-01-07,32.71
2017-01-08,38.02
2017-01-09,39.81
2017-01-10,40.46
2017-01-11,40.94
2017-01-12,41.54
2017-01-13,41.27
2017-01-14,39.14
2017-01-15,36.47
2017-01-16,39.41
2017-01-17,38.82
2017-01-18,36.41
2017-01-19,36.44
2017-01-20,36.93
2017-01-21,37.14
2017-01-22,37.02
2017-01-23,40.63
2017-01-24,41.15
2017-01-25,41.55
2017-01-26,41.7
2017-01-27,40.61
2017-01-28,37.75
2017-01-29,35.7
2017-01-30,35.92
2017-01-31,35.39
2017-02-01,30.87
2017-02-02,27.12
2017-02-03,25.34
2017-02-04,25.7
2017-02-05,25.61
2017-02-06,27.8
2017-02-07,26.44
2017-02-08,25.19
2017-02-09,24.94
2017-02-10,23.09
2017-02-11,22.07
2017-02-12,22.08
2017-02-13,21.17
2017-02-14,20.62
2017-02-15,19.99
2017-02-16,19.81
2017-02-17,19.16
2017-02-18,19.26
2017-02-19,19.22
2017-02-20,19.14
2017-02-21,18.76
2017-02-22,18.36
2017-02-23,18.36
2017-02-24,18.38
2017-02-25,18.25
2017-02-26,18.34
2017-02-27,18.26
2017-02-28,17.98
2017-03-01,17.83
2017-03-02,17.59
2017-03-03,17.36
2017-03-04,16.86
2017-03-05,17.06
2017-03-06,17.04
2017-03-07,17.01
2017-03-08,16.85
2017-03-09,16.57
2017-03-10,16.07
2017-03-11,15.92
2017-03-12,15.85
2017-03-13,15.8
2017-03-14,16.15
2017-03-15,16.43
2017-03-16,16.47
2017-03-17,16.38
2017-03-18,16.12
2017-03-19,16.67
2017-03-20,16.93
2017-03-21,16.74
2017-03-22,16.57
2017-03-23,16.81
2017-03-24,17.13
2017-03-25,16.85
2017-03-26,18.48
2017-03-27,18.48
2017-03-28,16.93
2017-03-29,16.71
2017-03-30,16.53
2017-03-31,16.53
2017-04-01,17.17
2017-04-02,18.26
2017-04-03,18.4
2017-04-04,18.3
2017-04-05,18.23
2017-04-06,18.26
2017-04-07,18.11
2017-04-08,18.15
2017-04-09,18.09
2017-04-10,18.24
2017-04-11,17.79
2017-04-12,17.8
2017-04-13,17.92
2017-04-14,16.76
2017-04-15,15.98
2017-04-16,16.7
2017-04-17,18.1
2017-04-18,18.04
2017-04-19,18.02
2017-04-20,17.9
2017-04-21,17.97
2017-04-22,17.94
2017-04-23,18.02
2017-04-24,18.08
2017-04-25,17.91
2017-04-26,17.86
2017-04-27,18.05
2017-04-28,18.46
2017-04-29,18.28
2017-04-30,18.5
2017-05-01,18.29
2017-05-02,18.19
2017-05-03,18.58
2017-05-04,18.51
2017-05-05,18.54
2017-05-06,18.61
2017-05-07,18.36
2017-05-08,18.2
2017-05-09,18.44
2017-05-10,18.16
2017-05-11,18.08
2017-05-12,17.84
2017-05-13,17.56
2017-05-14,18.08
2017-05-15,17.93
2017-05-16,18.11
2017-05-17,18.01
2017-05-18,18.0
2017-05-19,18.01
2017-05-20,17.66
2017-05-21,17.88
2017-05-22,17.85
2017-05-23,17.88
2017-05-24,17.83
2017-05-25,17.84
2017-05-26,17.86
2017-05-27,17.36
2017-05-28,17.18
2017-05-29,17.99
2017-05-30,18.12
2017-05-31,18.24
2017-06-01,18.08
2017-06-02,17.5
2017-06-03,16.95
2017-06-04,17.14
2017-06-05,16.88
2017-06-06,16.97
2017-06-07,16.84
2017-06-08,16.96
2017-06-09,17.19
2017-06-10,17.08
2017-06-11,17.88
2017-06-12,17.53
2017-06-13,17.5
2017-06-14,17.73
2017-06-15,17.91
2017-06-16,17.69
2017-06-17,17.32
2017-06-18,17.82
2017-06-19,18.41
2017-06-20,18.49
2017-06-21,18.86
2017-06-22,18.84
2017-06-23,18.67
2017-06-24,17.63
2017-06-25,17.53
2017-06-26,18.32
2017-06-27,17.78
2017-06-28,16.85
2017-06-29,17.12
2017-06-30,17.17
2017-07-01,16.83
2017-07-02,16.53
2017-07-03,17.21
2017-07-04,17.14
2017-07-05,17.05
2017-07-06,17.13
2017-07-07,17.0
2017-07-08,16.71
2017-07-09,17.08
2017-07-10,17.31
2017-07-11,17.08
2017-07-12,16.87
2017-07-13,16.86
2017-07-14,16.96
2017-07-15,16.66
2017-07-16,16.84
2017-07-17,16.77
2017-07-18,16.86
2017-07-19,16.53
2017-07-20,16.54
2017-07-21,16.59
2017-07-22,16.54
2017-07-23,16.83
2017-07-24,16.51
2017-07-25,16.45
2017-07-26,16.45
2017-07-27,16.63
2017-07-28,16.68
2017-07-29,16.54
2017-07-30,16.93
2017-07-31,17.07
2017-08-01,17.19
2017-08-02,17.29
2017-08-03,17.26
2017-08-04,16.96
2017-08-05,15.73
2017-08-06,15.57
2017-08-07,16.43
2017-08-08,16.57
2017-08-09,15.92
2017-08-10,15.97
2017-08-11,16.0
2017-08-12,15.78
2017-08-13,16.21
2017-08-14,16.04
2017-08-15,16.06
2017-08-16,16.37
2017-08-17,16.24
2017-08-18,16.31
2017-08-19,15.97
2017-08-20,16.12
2017-08-21,16.54
2017-08-22,16.64
2017-08-23,16.79
2017-08-24,16.97
2017-08-25,16.99
2017-08-26,16.58
2017-08-27,17.12
2017-08-28,17.48
2017-08-29,18.07
2017-08-30,18.11
2017-08-31,17.92
2017-09-01,16.9
2017-09-02,16.7
2017-09-03,17.61
2017-09-04,17.18
2017-09-05,17.18
2017-09-06,17.2
2017-09-07,17.31
2017-09-08,17.32
2017-09-11,17.3
2017-09-12,17.28
2017-09-13,17.22
2017-09-14,17.31
2017-09-15,17.67
2017-09-18,18.2
2017-09-19,17.9
2017-09-20,17.91
2017-09-21,17.95
2017-09-22,18.25
2017-09-25,18.37
2017-09-26,18.33
2017-09-27,18.0
2017-09-28,18.67
2017-09-29,18.98
2017-10-02,18.9
2017-10-03,19.93
2017-10-04,20.11
2017-10-05,20.23
2017-10-06,20.38
2017-10-09,21.87
2017-10-10,22.63
2017-10-11,23.65
2017-10-13,21.87
2017-10-16,21.6
2017-10-17,21.17
2017-10-18,20.8
2017-10-19,21.04
2017-10-21,21.23
2017-10-23,22.05
2017-10-24,21.89
2017-10-25,22.03
2017-10-26,22.35
2017-10-27,22.56
2017-10-30,22.23
2017-10-31,21.85
2017-11-01,21.38
2017-11-02,21.96
2017-11-03,21.36
2017-11-06,22.48
2017-11-07,21.29
2017-11-08,23.37
2017-11-09,23.58
2017-11-10,23.81
2017-11-13,24.5
2017-11-14,24.37
2017-11-15,25.45
2017-11-16,25.07
2017-11-17,24.67
2017-11-20,24.83
2017-11-21,25.15
2017-11-22,24.76
2017-11-23,24.5
2017-11-24,24.66
2017-11-27,25.45
2017-11-28,25.8
2017-11-29,26.16
2017-11-30,26.32
2017-12-01,26.99
2017-12-04,28.4
2017-12-05,29.5
2017-12-11,28.0
2017-12-12,27.47
2017-12-13,28.0
2017-12-14,27.8
2017-12-15,26.81
2017-12-18,28.5
2017-12-19,27.66
2017-12-20,26.85
2017-12-21,26.85
2017-12-22,26.38
2017-12-26,24.5
2017-12-27,23.27
2017-12-28,22.78
2017-12-29,22.95
2018-01-02,24.5
2018-01-03,23.8
2018-01-04,20.81
2018-01-05,19.53
2018-01-08,23.57
2018-01-09,23.22
2018-01-10,23.06
2018-01-11,22.8
2018-01-12,22.02
2018-01-15,22.93
2018-01-16,21.91
2018-01-17,21.37
2018-01-18,20.92
2018-01-19,20.17
2018-01-22,19.26
2018-01-23,19.07
2018-01-24,18.99
2018-01-25,19.06
2018-01-26,18.94
2018-01-29,20.69
2018-01-30,19.45
2018-01-31,19.82
2018-02-01,20.84
2018-02-02,21.34
2018-02-05,23.48
2018-02-06,22.87
2018-02-07,22.68
2018-02-08,22.96
2018-02-09,22.62
2018-02-12,21.69
2018-02-13,22.01
2018-02-14,20.76
2018-02-15,21.08
2018-02-16,20.84
2018-02-19,21.4
2018-02-20,20.97
2018-02-21,20.95
2018-02-22,22.75
2018-02-23,23.03
2018-02-26,27.5
2018-02-27,26.6
2018-02-28,28.01
2018-03-01,33.69
2018-03-02,33.94
2018-03-05,26.86
2018-03-06,24.01
2018-03-07,23.4
2018-03-08,22.58
2018-03-09,22.38
2018-03-12,23.2
2018-03-13,25.86
2018-03-14,24.89
2018-03-15,23.68
2018-03-16,23.02
2018-03-19,26.15
2018-03-20,23.68
2018-03-21,23.19
2018-03-22,23.68
2018-03-23,22.8
2018-04-02,22.97
2018-04-03,21.25
2018-04-04,20.33
2018-04-05,20.82
2018-04-06,21.7
2018-04-09,21.47
2018-04-10,21.4
2018-04-11,23.29
2018-04-12,23.14
2018-04-13,23.26
2018-04-16,23.17
2018-04-17,21.62
2018-04-18,20.95
2018-04-19,19.85
2018-04-20,19.93
2018-04-23,20.45
2018-04-24,20.15
2018-04-25,20.15
2018-04-26,20.02
2018-04-27,20.08
2018-05-03,20.73
2018-05-04,20.67
2018-05-07,20.9
2018-05-08,21.84
2018-05-09,21.49
2018-05-10,21.68
2018-05-11,21.42
2018-05-16,22.83
2018-05-17,22.53
2018-05-18,22.79
2018-05-21,24.99
2018-05-22,23.48
2018-05-23,24.55
2018-05-24,24.87
2018-05-25,24.41
2018-05-28,22.59
2018-05-29,22.65
2018-05-30,23.13
2018-05-31,24.31
2018-06-01,24.08
2018-06-04,21.82
2018-06-05,22.44
2018-06-06,22.57
2018-06-07,22.52
2018-06-08,22.76
2018-06-11,22.77
2018-06-12,22.5
2018-06-13,22.81
2018-06-14,23.58
2018-06-15,24.97
2018-06-18,23.93
2018-06-19,23.83
2018-06-20,23.72
2018-06-21,23.22
2018-06-22,22.68
2018-06-25,22.39
2018-06-26,22.84
2018-06-27,23.66
2018-06-28,24.08
2018-06-29,23.85
2018-07-02,25.1
2018-07-03,25.36
2018-07-04,24.73
2018-07-05,24.55
2018-07-06,25.74
2018-07-09,27.0
2018-07-10,25.31
2018-07-11,25.84
2018-07-12,25.77
2018-07-13,25.48
2018-07-16,26.25
2018-07-17,25.11
2018-07-18,25.2
2018-07-19,25.14
2018-07-20,25.34
2018-07-23,25.0
2018-07-24,25.28
2018-07-25,25.27
2018-07-26,25.48
2018-07-27,25.46
2018-07-30,25.5
2018-07-31,26.06
2018-08-01,26.06
2018-08-28,28.16
2018-08-29,28.31
2018-08-30,28.7
2018-08-31,28.99
2018-09-03,29.56
2018-09-04,29.61
2018-09-05,29.45
2018-09-06,29.6
2018-09-07,29.64
2018-09-10,29.71
2018-09-11,29.61
2018-09-12,29.17
2018-09-13,29.1
2018-09-14,28.4
2018-09-17,28.6
2018-09-18,29.01
2018-09-19,29.2
2018-09-20,29.6
2018-09-21,29.48
2018-09-24,29.25
2018-09-25,29.55
2018-09-26,29.0
2018-09-27,28.84
2018-09-28,28.7
2018-10-01,28.2
2018-10-02,27.15
2018-10-03,27.0
2018-10-04,28.6
2018-10-05,27.2
2018-10-08,27.9
2018-10-09,28.15
2018-10-10,27.75
2018-10-11,27.0
2018-10-15,28.25
2018-10-16,29.4
2018-10-17,28.5
2018-10-18,27.0
2018-10-19,25.9
2018-10-22,26.0
2018-10-23,25.7
2018-10-24,25.55
2018-10-25,26.61
2018-10-26,26.5
2018-10-29,26.5
2018-10-30,27.5
2018-10-31,27.63
2018-11-02,25.9
2018-11-05,25.0
2018-11-06,24.85
2018-11-07,26.0
2018-11-08,26.3
2018-11-12,27.0
2018-11-13,27.3
2018-11-14,27.05
2018-11-15,27.12
2018-11-16,27.0
2018-11-19,27.35
2018-11-20,26.6
2018-11-21,27.0
2018-11-22,27.0
2018-11-23,27.5
2018-11-26,26.4
2018-11-27,27.12
2018-11-28,27.0
2018-11-29,26.9
2018-11-30,26.85
2018-12-03,26.78
2018-12-04,26.8
2018-12-05,26.0
2018-12-10,25.5
2018-12-11,25.95
2018-12-12,26.4
2018-12-13,25.9
2018-12-14,25.3
2018-12-17,26.45
2018-12-18,26.5
2018-12-19,26.5
2018-12-20,25.98
2018-12-21,24.85
2018-12-26,24.79
2018-12-27,25.0
2018-12-28,24.95
2019-01-02,25.5
2019-01-03,11.75
2019-01-04,26.75
2019-01-08,25.45
2019-01-09,24.0
2019-01-10,25.6
2019-01-11,25.5
2019-01-14,25.85
2019-01-15,26.41
2019-01-16,28.55
2019-01-17,26.99
2019-01-18,24.5
2019-01-22,25.69
2019-01-23,24.15
2019-01-24,25.0
2019-01-25,25.0
2019-01-28,23.0
2019-01-29,23.82
2019-01-30,24.5
2019-01-31,23.55
2019-02-01,21.0
2019-02-04,24.33
2019-02-05,23.2
2019-02-06,21.0
2019-02-07,21.75
2019-02-08,21.75
2019-02-09,21.0
2019-02-12,20.7
2019-02-13,21.0
2019-02-14,20.51
2019-02-15,21.35
2019-02-18,20.0
2019-02-19,20.0
2019-02-20,21.21
2019-02-21,20.5
2019-02-22,20.94
2019-02-25,20.0
2019-02-26,19.9
2019-02-27,19.3
2019-02-28,19.0
2019-03-01,19.0
2019-03-04,19.25
2019-03-05,19.19
2019-03-06,18.92
2019-03-07,21.91
2019-03-08,21.1
2019-03-11,20.0
2019-03-12,18.99
2019-03-13,18.75
2019-03-14,19.5
2019-03-15,19.48
2019-03-18,17.5
2019-03-19,17.2
2019-03-20,17.4
2019-03-21,18.25
2019-03-22,18.24
2019-03-25,16.95
2019-03-26,16.89
2019-03-27,16.68
2019-03-28,17.1
2019-03-29,17.8
2019-04-01,18.0
2019-04-02,18.51
2019-04-03,18.5
2019-04-04,18.2
2019-04-05,17.5
2019-04-08,16.2
2019-04-09,17.5
2019-04-10,18.02
2019-04-11,19.19
2019-04-12,18.91
2019-04-22,18.0
2019-04-23,15.96
2019-04-24,15.21
2019-04-25,16.3
2019-04-26,17.5
2019-04-29,18.06
2019-04-30,18.1
2019-05-06,16.0
2019-05-07,16.03
2019-05-08,14.25
2019-05-09,14.98
2019-05-10,14.9
2019-05-13,15.4
2019-05-14,15.05
2019-05-16,14.99
2019-05-17,14.3
2019-05-20,15.5
2019-05-21,15.3
2019-05-22,15.5
2019-05-23,15.9
2019-05-24,14.5
2019-05-27,14.49
2019-05-28,14.1
2019-05-29,13.5
2019-05-30,14.17
2019-06-01,15.1
2019-06-03,15.5
2019-06-04,13.84
2019-06-05,13.7
2019-06-06,13.15
2019-06-07,12.55
2019-06-10,13.7
2019-06-11,13.99
2019-06-12,13.8
2019-06-13,13.55
2019-06-14,13.35
2019-06-17,13.55
2019-06-18,13.3
2019-06-19,13.15
2019-06-20,13.25
2019-06-21,12.75
2019-06-24,13.5
2019-06-25,13.25
2019-06-26,13.15
2019-06-27,12.5
2019-06-28,14.02
2019-07-01,13.75
2019-07-02,14.6
2019-07-03,15.06
2019-07-04,15.4
2019-07-05,14.7
2019-07-08,14.9
2019-07-09,13.5
2019-07-10,14.2
2019-07-11,14.5
2019-07-12,14.8
2019-07-15,15.5
2019-07-16,15.9
2019-07-17,15.5
2019-07-18,14.5
2019-07-19,13.95
2019-07-22,15.7
2019-07-23,13.7
2019-07-24,13.6
2019-07-25,14.0
2019-07-26,13.31
2019-07-29,13.0
2019-07-30,11.95
2019-07-31,11.45
2019-08-01,12.5
2019-08-30,13.1
2019-09-02,11.0
2019-09-03,11.25
2019-09-04,10.8
2019-09-05,10.0
2019-09-06,8.3
2019-09-09,11.45
2019-09-10,9.15
2019-09-11,10.8
2019-09-12,10.55
2019-09-13,11.3
2019-09-16,13.83
2019-09-17,14.75
2019-09-18,14.75
2019-09-19,14.8
2019-09-20,14.25
2019-09-23,12.75
2019-09-24,13.49
2019-09-25,13.65
2019-09-26,13.85
2019-09-27,13.96
2019-09-30,14.1
2019-10-01,11.95
2019-10-02,12.12
2019-10-03,12.98
2019-10-04,13.9
2019-10-07,14.8
2019-10-08,14.4
2019-10-09,13.1
2019-10-10,11.8
2019-10-11,11.9
2019-10-14,12.3
2019-10-15,12.5
2019-10-16,14.5
2019-10-17,13.5
2019-10-18,13.98
2019-10-21,13.52
2019-10-22,14.2
2019-10-23,14.0
2019-10-24,13.5
2019-10-25,13.2
2019-10-28,13.25
2019-10-29,14.05
2019-10-30,13.5
2019-10-31,12.4
2019-11-04,8.11
2019-11-05,9.77
2019-11-06,13.7
2019-11-07,11.44
2019-11-08,13.05
2019-11-11,14.6
2019-11-12,15.03
2019-11-13,14.5
2019-11-14,14.98
2019-11-15,14.73
2019-11-18,15.75
2019-11-19,16.12
2019-11-20,16.2
2019-11-21,15.75
2019-11-22,15.19
2019-11-25,15.5
2019-11-26,15.55
2019-11-27,14.9
2019-11-28,14.0
2019-11-29,15.3
2019-12-02,15.0
2019-12-03,15.0
2019-12-04,15.5
2019-12-05,14.49
2019-12-10,13.68
2019-12-11,13.52
2019-12-12,12.98
2019-12-13,12.6
2019-12-16,12.25
2019-12-17,12.55
2019-12-18,12.1
2019-12-19,10.7
2019-12-20,9.7
2019-12-23,9.9
2019-12-26,8.2
2019-12-27,8.95
2019-12-30,12.67
2020-01-02,11.75
2020-01-07,13.25
2020-01-08,14.0
2020-01-09,13.87
2020-01-10,11.95
2020-01-13,14.0
2020-01-14,12.3
2020-01-15,11.56
2020-01-16,11.49
2020-01-17,11.4
2020-01-20,12.0
2020-01-21,12.4
2020-01-22,13.5
2020-01-23,14.0
2020-01-24,13.86
2020-01-27,11.6
2020-01-28,11.21
2020-01-29,10.9
2020-01-30,10.59
2020-02-01,9.98
2020-02-03,10.49
2020-02-04,9.92
2020-02-05,10.25
2020-02-06,10.49
2020-02-07,10.27
2020-02-10,9.75
2020-02-11,9.96
2020-02-12,10.0
2020-02-13,9.9
2020-02-14,10.05
2020-02-17,9.6
2020-02-18,10.05
2020-02-19,11.8
2020-02-20,11.83
2020-02-21,10.97
2020-02-24,10.7
2020-02-25,9.25
2020-02-26,9.16
2020-02-27,8.99
2020-02-28,8.9
2020-03-02,8.1
2020-03-03,8.5
2020-03-04,9.1
2020-03-05,8.99
2020-03-06,8.9
2020-03-09,9.8
2020-03-10,9.25
2020-03-11,9.15
2020-03-12,9.2
2020-03-13,9.5
2020-03-16,10.0
2020-03-17,9.89
2020-03-18,9.11
2020-03-19,8.4
2020-03-20,8.0
2020-03-23,9.0
2020-04-21,6.99
2020-04-22,6.99
2020-04-23,6.95
2020-04-24,6.49
2020-04-27,6.45
2020-04-28,6.45
2020-04-29,6.49
2020-04-30,6.3
2020-05-04,6.15
2020-05-05,6.0
2020-05-06,5.8
2020-05-07,5.55
2020-05-08,5.4
2020-05-11,6.0
2020-05-12,5.9
2020-05-13,5.89
2020-05-14,5.7
2020-05-18,5.45
2020-05-19,5.65
2020-05-20,5.31
2020-05-21,5.2
2020-05-22,4.35
2020-05-25,4.6
2020-05-26,5.1
2020-05-27,5.0
2020-05-28,5.1
2020-05-29,5.35
2020-06-01,5.55
2020-06-02,6.4
2020-06-03,6.45
2020-06-04,5.94
2020-06-05,5.6
2020-06-08,5.96
2020-06-09,6.5
2020-06-10,5.9
2020-06-11,5.2
2020-06-12,5.15
2020-06-15,6.8
2020-06-16,7.5
2020-06-17,7.81
2020-06-18,8.1
2020-06-19,7.8
2020-06-22,7.0
2020-06-23,7.0
2020-06-24,7.5
2020-06-25,7.5
2020-06-26,7.12
2020-06-29,7.4
2020-06-30,7.42
2020-07-01,7.32
2020-07-02,7.05
2020-07-03,6.6
2020-07-06,6.05
2020-07-07,6.29
2020-07-08,6.99
2020-07-09,7.92
2020-07-10,6.91
2020-07-13,6.09
2020-07-14,5.34
2020-07-15,5.0
2020-07-16,5.21
2020-07-17,5.66
2020-07-20,6.15
2020-07-21,6.12
2020-07-22,7.64
2020-07-23,7.07
2020-07-24,7.05
2020-07-27,7.33
2020-07-28,6.83
2020-07-29,6.96
2020-07-30,7.08
2020-07-31,7.41
2020-08-03,8.1
2020-08-27,11.83
2020-08-28,11.2
2020-08-31,13.0
2020-09-01,11.77
2020-09-02,11.65
2020-09-03,11.23
2020-09-04,11.2
2020-09-07,12.55
2020-09-08,11.5
2020-09-09,11.41
2020-09-10,11.35
2020-09-11,11.1
2020-09-14,10.8
2020-09-15,11.8
2020-09-16,11.56
2020-09-17,11.98
2020-09-18,11.75
2020-09-21,12.25
2020-09-22,11.71
2020-09-23,11.7
2020-09-24,11.36
2020-09-25,10.54
2020-09-28,11.21
2020-09-29,12.14
2020-09-30,12.94
2020-10-01,11.61
2020-10-02,11.04
2020-10-05,11.63
2020-10-06,12.48
2020-10-07,12.61
2020-10-08,13.0
2020-10-09,13.12
2020-10-13,12.79
2020-10-14,12.88
2020-10-15,13.14
2020-10-16,14.07
2020-10-19,14.21
2020-10-20,14.5
2020-10-21,14.57
2020-10-22,14.99
2020-10-23,15.14
2020-10-26,14.73
2020-10-27,14.57
2020-10-28,14.57
2020-10-29,14.21
2020-10-30,13.59
2020-11-03,12.86
2020-11-04,13.37
2020-11-05,13.57
2020-11-06,13.9
2020-11-10,14.11
2020-11-11,13.9
2020-11-12,14.1
2020-11-13,14.13
2020-11-16,14.3
2020-11-17,14.83
2020-11-18,14.62
2020-11-19,14.28
2020-11-20,13.6
2020-11-23,14.3
2020-11-24,15.22
2020-11-25,16.43
2020-11-26,15.09
2020-11-27,15.69
2020-11-30,17.2
2020-12-01,17.0
2020-12-02,17.26
2020-12-03,16.29
2020-12-04,16.55
2020-12-09,16.89
2020-12-10,17.83
2020-12-11,17.03
2020-12-14,17.8
2020-12-15,18.46
2020-12-16,19.1
2020-12-17,19.86
2020-12-18,18.5
2020-12-21,18.44
2020-12-22,18.27
2020-12-23,18.93
2020-12-28,19.3
2020-12-29,20.26
2020-12-30,21.59
2021-01-04,23.85
2021-01-05,27.83
2021-01-07,38.9
2021-01-08,51.55
2021-01-11,32.5
2021-01-12,30.18
2021-01-13,31.82
2021-01-14,29.51
2021-01-15,27.82
2021-01-18,28.41
2021-01-19,27.64
2021-01-20,25.35
2021-01-21,23.63
2021-01-22,22.62
2021-01-25,24.1
2021-01-26,22.93
2021-01-27,21.8
2021-01-28,19.43
2021-01-29,21.0
2021-02-01,19.45
2021-02-02,17.81
2021-02-04,17.47
2021-02-05,17.65
2021-02-08,17.98
2021-02-09,18.68
2021-02-10,18.17
2021-02-11,18.3
2021-02-12,17.29
2021-02-15,16.9
2021-02-16,15.99
2021-02-17,16.31
2021-02-18,16.26
2021-02-19,16.07
2021-02-22,16.21
2021-02-23,15.65
2021-02-24,15.71
2021-02-25,15.83
2021-02-26,15.77
2021-03-01,16.46
2021-03-02,16.21
2021-03-03,16.07
2021-03-04,16.15
2021-03-05,16.18
2021-03-08,16.67
2021-03-09,16.55
2021-03-10,17.26
2021-03-11,17.73
2021-03-12,17.73
2021-03-15,19.0
2021-03-16,18.02
2021-03-17,17.11
2021-03-18,17.21
2021-03-22,17.64
2021-03-23,18.48
2021-03-24,18.51
2021-03-25,18.36
2021-03-26,18.37
2021-03-29,17.99
2021-03-30,17.88
2021-03-31,18.1
2021-04-05,18.97
2021-04-06,19.31
2021-04-07,20.49
2021-04-08,20.21
2021-04-09,20.2
2021-04-12,20.47
2021-04-13,21.0
2021-04-14,21.0
2021-04-15,21.0
2021-04-16,21.56
2021-04-19,22.8
2021-04-20,22.86
2021-04-21,22.6
2021-04-22,22.75
2021-04-23,22.0
2021-04-26,22.25
2021-04-27,22.0
2021-04-28,22.94
2021-04-29,22.88
2021-04-30,23.42
2021-05-04,27.04
2021-05-05,24.71
2021-05-06,24.34
2021-05-07,24.75
2021-05-10,24.18
2021-05-11,24.4
2021-05-12,25.33
2021-05-13,25.25
2021-05-14,24.53
2021-05-17,26.51
2021-05-18,25.69
2021-05-19,24.73
2021-05-20,22.81
2021-05-21,23.49
2021-05-24,24.4
2021-05-25,24.0
2021-05-26,25.71
2021-05-27,26.3
2021-05-28,26.69
2021-05-31,27.1
2021-06-01,26.08
2021-06-02,26.3
2021-06-03,25.63
2021-06-04,24.93
2021-06-07,26.35
2021-06-08,26.42
2021-06-09,27.64
2021-06-10,28.01
2021-06-11,27.9
2021-06-14,28.75
2021-06-15,29.16
2021-06-16,28.8
2021-06-17,29.11
2021-06-18,28.98
2021-06-21,29.81
2021-06-22,29.41
2021-06-23,30.41
2021-06-24,31.36
2021-06-25,31.26
2021-06-28,31.85
2021-06-29,32.05
2021-06-30,33.33
2021-07-01,35.0
2021-07-02,38.58
2021-07-05,37.04
2021-07-06,36.51
2021-07-07,35.65
2021-07-08,35.33
2021-07-09,34.8
2021-07-12,37.0
2021-07-13,34.95
2021-07-14,35.09
2021-07-15,33.8
2021-07-16,33.8
2021-07-19,36.23
2021-07-20,37.57
2021-07-21,37.48
2021-07-22,37.28
2021-07-23,36.88
2021-07-26,38.85
2021-07-27,37.96
2021-07-28,37.84
2021-07-29,39.12
2021-07-30,40.4
2021-08-02,41.27
2021-08-03,41.77
2021-08-30,50.2
2021-08-31,51.17
2021-09-01,51.98
2021-09-02,52.33
2021-09-03,53.18
2021-09-06,53.1
2021-09-07,53.77
2021-09-08,54.82
2021-09-09,57.98
2021-09-10,59.32
2021-09-13,61.45
2021-09-14,63.72
2021-09-15,69.25
2021-09-16,69.58
2021-09-17,64.35
2021-09-20,63.6
2021-09-21,71.51
2021-09-22,73.15
2021-09-23,70.78
2021-09-24,69.53
2021-09-27,72.31
2021-09-28,76.95
2021-09-29,78.99
2021-09-30,82.75
2021-10-01,92.69
2021-10-04,77.7
2021-10-05,91.25
2021-10-06,113.77
2021-10-07,111.66
2021-10-08,98.47
2021-10-11,86.0
2021-10-13,84.07
2021-10-14,92.65
2021-10-15,98.52
2021-10-18,94.49
2021-10-19,85.66
2021-10-20,86.76
2021-10-21,90.21
2021-10-22,88.24
2021-10-25,95.1
2021-10-26,91.01
2021-10-27,89.31
2021-10-28,84.65
2021-10-29,73.75
2021-11-02,63.7
2021-11-03,69.25
2021-11-04,76.84
2021-11-05,71.65
2021-11-08,73.47
2021-11-10,71.0
2021-11-11,72.96
2021-11-12,77.73
2021-11-15,79.25
2021-11-16,81.76
2021-11-17,93.64
2021-11-18,95.1
2021-11-19,96.06
2021-11-22,92.89
2021-11-23,87.39
2021-11-24,93.9
2021-11-25,97.83
2021-11-26,95.16
2021-11-29,95.24
2021-11-30,98.26
2021-12-01,95.5
2021-12-02,98.12
2021-12-03,96.07
2021-12-09,103.98
2021-12-10,101.08
2021-12-13,113.24
2021-12-14,118.21
2021-12-15,129.5
2021-12-16,125.08
2021-12-17,138.68
2021-12-20,162.27
2021-12-21,148.44
2021-12-22,183.0
2021-12-23,171.25
2021-12-27,81.05
2021-12-28,98.5
2021-12-29,94.0
2021-12-30,90.0
2022-01-03,60.5
2022-01-04,78.2
2022-01-05,85.87
2022-01-07,94.96
2022-01-10,90.0
2022-01-11,83.4
2022-01-12,81.0
2022-01-13,74.94
2022-01-14,83.47
2022-01-17,94.99
2022-01-18,78.5
2022-01-19,80.5
2022-01-20,74.4
2022-01-21,76.0
2022-01-24,87.0
2022-01-25,90.4
2022-01-26,91.52
2022-01-27,90.83
2022-01-28,90.97
2022-01-31,92.74
2022-02-01,82.29
2022-02-02,76.02
2022-02-03,79.25
2022-02-04,78.66
2022-02-07,81.58
2022-02-08,78.57
2022-02-09,79.11
2022-02-10,78.0
2022-02-11,74.97
2022-02-14,79.44
2022-02-15,79.38
2022-02-16,68.5
2022-02-17,69.17
2022-02-18,71.93
2022-02-21,77.61
2022-02-22,70.98
2022-02-23,78.73
2022-02-24,87.53
2022-02-25,113.05
2022-02-28,107.54
2022-03-01,99.72
2022-03-02,122.1
2022-03-03,163.73
2022-03-04,151.58
2022-03-07,194.15
2022-03-08,214.36
2022-03-09,200.9
2022-03-10,143.9
2022-03-11,118.0
2022-03-14,119.85
2022-03-15,105.08
2022-03-16,108.33
2022-03-17,100.5
2022-03-18,100.8
2022-03-21,98.01
2022-03-22,93.34
2022-03-23,92.4
2022-03-24,102.0
2022-03-25,102.64
2022-03-28,96.2
2022-03-29,102.5
2022-03-30,102.25
2022-03-31,112.46
2022-04-01,119.99
2022-04-04,115.98
2022-04-05,107.0
2022-04-06,101.95
2022-04-07,101.18
2022-04-08,94.33
2022-04-11,97.01
2022-04-12,94.0
2022-04-13,94.2
2022-04-18,55.13
2022-04-19,64.66
2022-04-20,78.23
2022-04-21,80.99
2022-04-22,86.5
2022-04-25,89.27
2022-04-26,79.95
2022-04-27,82.79
2022-04-28,90.08
2022-04-29,76.88
2022-05-03,83.12
2022-05-04,81.99
2022-05-05,82.0
2022-05-06,87.0
2022-05-09,84.0
2022-05-10,72.7
2022-05-11,64.25
2022-05-12,71.94
2022-05-13,79.0
2022-05-17,68.0
2022-05-18,71.76
2022-05-19,77.05
2022-05-20,75.99
2022-05-23,81.0
2022-05-24,75.0
2022-05-25,77.78
2022-05-26,74.83
2022-05-27,74.59
2022-05-30,81.25
2022-05-31,79.78
2022-06-01,82.13
2022-06-02,74.64
2022-06-03,76.1
2022-06-06,78.4
2022-06-07,72.88
2022-06-08,73.9
2022-06-09,71.25
2022-06-10,80.0
2022-06-13,80.31
2022-06-14,78.75
2022-06-15,89.5
2022-06-16,105.5
2022-06-17,109.0
2022-06-20,114.98
2022-06-21,108.38
2022-06-22,112.94
2022-06-23,114.91
2022-06-24,117.75
2022-06-27,124.05
2022-06-28,115.47
2022-06-29,113.43
2022-06-30,115.88
2022-07-01,121.21
2022-07-04,138.18
2022-07-05,138.3
2022-07-06,137.83
2022-07-07,141.44
2022-07-08,154.5
2022-07-11,145.59
2022-07-12,134.03
2022-07-13,139.63
2022-07-14,137.5
2022-07-15,123.2
2022-07-18,102.0
2022-07-19,107.3
2022-07-20,111.0
2022-07-21,115.17
2022-07-22,126.91
2022-07-26,120.2
2022-07-27,134.0
2022-07-28,134.34
2022-07-29,127.1
2022-08-01,129.22
2022-08-02,122.0
2022-09-01,172.0
2022-09-02,154.18
2022-09-05,133.0
2022-09-06,111.15
2022-09-07,107.2
2022-09-08,105.0
2022-09-09,144.0
2022-09-12,148.94
2022-09-13,131.78
2022-09-14,138.53
2022-09-15,167.5
2022-09-16,135.0
2022-09-19,114.73
2022-09-20,104.85
2022-09-21,118.08
2022-09-22,104.05
2022-09-23,105.63
2022-09-26,94.16
2022-09-27,83.7
2022-09-28,91.95
2022-09-29,92.3
2022-09-30,85.0
2022-10-03,125.5
2022-10-04,107.24
2022-10-05,94.57
2022-10-06,88.7
2022-10-07,78.85
2022-10-10,93.74
2022-10-11,80.9
2022-10-13,75.45
2022-10-14,68.0
2022-10-17,52.68
2022-10-18,34.3
2022-10-19,27.78
2022-10-20,33.06
2022-10-21,46.9
2022-10-24,45.96
2022-10-25,31.6
2022-10-26,47.0
2022-10-27,44.64
2022-10-28,47.46
2022-10-31,79.89
2022-11-02,58.15
2022-11-03,64.45
2022-11-04,48.84
2022-11-07,43.01
2022-11-08,47.75
2022-11-10,48.5
2022-11-11,64.85
2022-11-14,57.5
2022-11-15,56.74
2022-11-16,53.93
2022-11-17,52.94
2022-11-18,52.97
2022-11-21,51.58
2022-11-22,51.17
2022-11-23,65.0
2022-11-24,85.5
2022-11-25,89.99
2022-11-28,87.93
2022-11-29,95.0
2022-11-30,103.78
2022-12-01,105.45
2022-12-02,101.0
2022-12-05,144.13
2022-12-07,122.85
2022-12-09,131.5
2022-12-12,131.99
2022-12-13,119.81
2022-12-14,119.9
2022-12-15,116.85
2022-12-16,116.09
2022-12-19,97.8
2022-12-20,87.5
2022-12-21,84.93
2022-12-22,80.7
2022-12-23,71.05
2022-12-27,72.2
2022-12-28,71.95
2022-12-29,69.83
2022-12-30,64.78
2023-01-02,70.45
2023-01-03,71.49
2023-01-04,63.0
2023-01-05,58.0
2023-01-09,64.55
2023-01-10,69.78
2023-01-11,63.25
2023-01-12,61.7
2023-01-13,63.18
2023-01-16,60.13
2023-01-17,52.9
2023-01-18,55.8
2023-01-19,57.52
2023-01-20,60.0
2023-01-23,67.62
2023-01-24,62.23
2023-01-25,54.66
2023-01-26,52.15
2023-01-27,50.09
2023-01-30,56.83
2023-01-31,54.2
2023-02-01,54.89
2023-02-02,57.57
2023-02-03,54.8
2023-02-06,60.63
2023-02-07,55.64
2023-02-08,53.13
2023-02-09,52.65
2023-02-10,52.49
2023-02-13,51.35
2023-02-14,51.04
2023-02-15,51.72
2023-02-16,53.43
2023-02-17,49.59
2023-02-20,46.82
2023-02-21,49.52
2023-02-22,48.5
2023-02-23,48.1
2023-02-24,49.54
2023-02-27,48.56
2023-02-28,45.41
2023-03-06,45.32
2023-03-07,44.2
2023-03-08,43.9
2023-03-09,41.4
2023-03-10,46.25
2023-03-13,50.63
2023-03-14,47.38
2023-03-15,46.48
2023-03-16,42.24
2023-03-17,42.83
2023-03-20,38.99
2023-03-21,38.99
2023-03-22,40.18
2023-03-23,38.57
2023-03-24,41.73
2023-03-27,40.0
2023-03-28,40.39
2023-03-29,39.88
2023-03-30,36.69
2023-03-31,34.87
2023-04-03,38.62
2023-04-04,44.14
2023-04-05,41.74
2023-04-10,36.51
2023-04-11,36.51
2023-04-12,38.94
2023-04-13,37.9
2023-04-14,36.82
2023-04-17,36.51
2023-04-18,36.02
2023-04-19,36.49
2023-04-20,35.66
2023-04-21,36.4
2023-04-24,33.78
2023-04-25,33.34
2023-04-26,34.86
2023-04-27,35.78
2023-04-28,35.19
2023-05-03,34.25
2023-05-04,33.21
2023-05-05,33.33
2023-05-08,32.76
2023-05-09,32.76
2023-05-10,31.92
2023-05-11,28.94
2023-05-12,27.0
2023-05-16,25.2
2023-05-17,26.6
2023-05-18,26.6
2023-05-19,25.67
2023-05-22,26.1
2023-05-23,27.58
2023-05-24,27.75
2023-05-25,25.8
2023-05-26,23.78
2023-05-29,23.15
2023-05-30,23.15
2023-05-31,25.07
2023-06-01,26.1
2023-06-02,24.28
2023-06-05,23.21
2023-06-06,27.84
2023-06-07,24.68
2023-06-08,26.1
2023-06-09,26.26
2023-06-12,27.0
2023-06-13,29.03
2023-06-14,34.99
2023-06-15,39.5
2023-06-16,39.88
2023-06-19,32.33
2023-06-20,35.31
2023-06-21,38.93
2023-06-22,38.67
2023-06-23,34.34
2023-06-26,29.87
2023-06-27,30.96
2023-06-28,33.78
2023-06-29,33.25
2023-06-30,32.52
2023-07-03,35.75
2023-07-04,34.51
2023-07-05,34.48
2023-07-06,34.61
2023-07-07,31.65
2023-07-10,31.74
2023-07-11,31.52
2023-07-12,29.98
2023-07-13,28.9
2023-07-14,28.44
2023-07-17,25.49
2023-07-18,26.15
2023-07-19,29.85
2023-07-20,30.01
2023-07-21,29.0
2023-07-24,28.77
2023-07-25,29.75
2023-07-26,32.14
2023-07-27,28.59
2023-07-28,27.65
2023-07-31,25.13
2023-08-01,26.74
2023-08-02,26.42
2023-08-07,28.19
2023-08-08,29.46
2023-08-09,29.94
2023-08-10,38.54
2023-08-30,35.63
2023-08-31,36.69
2023-09-01,34.48
2023-09-04,33.78
2023-09-05,33.04
2023-09-06,34.58
2023-09-07,31.67
2023-09-08,31.78
2023-09-11,34.09
2023-09-12,36.96
2023-09-13,35.19
2023-09-14,36.89
2023-09-15,36.1
2023-09-18,36.81
2023-09-19,35.64
2023-09-20,37.7
2023-09-21,37.67
2023-09-22,38.76
2023-09-25,40.75
2023-09-26,44.81
2023-09-27,40.03
2023-09-28,39.52
2023-09-29,39.93
2023-10-02,38.73
2023-10-03,36.46
2023-10-04,33.32
2023-10-05,34.95
2023-10-06,34.35
2023-10-09,35.18
2023-10-10,41.38
2023-10-11,46.6
2023-10-13,48.49
2023-10-16,52.01
2023-10-17,45.14
2023-10-18,41.56
2023-10-19,42.96
2023-10-20,40.59
2023-10-23,44.04
2023-10-24,45.44
2023-10-25,45.47
2023-10-26,45.9
2023-10-27,45.02
2023-10-30,44.4
2023-10-31,45.89
2023-11-02,35.18
2023-11-03,34.33
2023-11-06,35.45
2023-11-07,39.25
2023-11-08,40.4
2023-11-10,35.98
2023-11-13,36.47
2023-11-14,30.04
2023-11-15,37.83
2023-11-16,40.17
2023-11-17,39.77
2023-11-20,38.33
2023-11-21,40.13
2023-11-22,38.05
2023-11-23,39.29
2023-11-24,41.3
2023-11-27,42.81
2023-11-28,41.16
2023-11-29,40.58
2023-11-30,37.13
2023-12-01,38.12
2023-12-04,41.13
2023-12-05,37.87
2023-12-11,36.9
2023-12-12,33.56
2023-12-13,32.07
2023-12-14,32.87
2023-12-15,31.78
2023-12-18,31.06
2023-12-19,33.94
2023-12-20,30.81
2023-12-21,31.5
2023-12-22,31.31
2023-12-26,32.3
2024-01-02,31.62
2024-01-03,30.11
2024-01-04,32.82
2024-01-05,32.77
2024-01-08,34.98
2024-01-09,32.37
2024-01-10,31.24
2024-01-11,30.85
2024-01-12,30.43
2024-01-15,30.78
2024-01-16,29.47
2024-01-17,28.51
2024-01-18,26.55
2024-01-19,27.46
2024-01-22,28.03
2024-01-23,27.48
2024-01-24,26.92
2024-01-25,27.94
2024-01-26,26.58
2024-01-29,27.07
2024-01-30,27.41
2024-01-31,28.71
2024-02-01,28.91
2024-02-02,27.63
2024-02-05,28.46
2024-02-06,27.68
2024-02-07,27.56
2024-02-08,27.27
2024-02-09,26.86
2024-02-12,26.64
2024-02-13,25.36
2024-02-14,25.15
2024-02-15,24.43
2024-02-16,24.45
2024-02-19,24.98
2024-02-20,23.3
2024-02-21,23.86
2024-02-22,23.78
2024-02-23,22.91
2024-02-26,22.73
2024-02-27,23.99
2024-02-28,24.4
2024-02-29,25.06
2024-03-01,24.45
2024-03-04,25.25
2024-03-05,26.52
2024-03-06,27.29
2024-03-07,26.01
2024-03-08,25.81
2024-03-11,26.19
2024-03-12,24.92
2024-03-13,24.76
2024-03-14,24.84
2024-03-15,25.71
2024-03-18,27.05
2024-03-19,28.65
2024-03-20,28.75
2024-03-21,27.89
2024-03-22,26.38
2024-03-25,27.7
2024-03-26,28.16
2024-03-27,27.12
2024-04-01,27.23
2024-04-02,40.37
2024-04-03,26.8
2024-04-04,26.0
2024-04-05,26.33
2024-04-08,27.08
2024-04-09,27.86
2024-04-10,27.61
2024-04-11,27.87
2024-04-12,29.62
2024-04-15,30.14
2024-04-16,31.05
2024-04-17,33.05
2024-04-18,30.7
2024-04-19,32.18
2024-04-23,29.15
2024-04-24,28.65
2024-04-25,29.43
2024-04-26,30.27
2024-04-29,29.19
2024-04-30,28.26
2024-05-06,30.0
2024-05-07,30.0
2024-05-08,30.72
2024-05-09,30.25
2024-05-10,30.77
2024-05-13,29.78
2024-05-14,29.23
2024-05-16,29.85
2024-05-17,30.81
2024-05-20,30.9
2024-05-21,32.35
2024-05-22,33.46
2024-05-23,35.13
2024-05-24,35.88
2024-05-27,34.54
2024-05-28,34.54
2024-05-29,34.22
2024-05-30,34.35
2024-05-31,35.34
2024-06-03,34.45
2024-06-04,36.47
2024-06-05,34.8
2024-06-06,34.04
2024-06-07,33.96
2024-06-10,33.48
2024-06-11,35.02
2024-06-12,34.55
2024-06-13,35.26
2024-06-14,35.75
2024-06-17,35.25
2024-06-18,34.09
2024-06-19,34.22
2024-06-21,34.49
2024-06-24,33.7
2024-06-25,34.25
2024-06-26,35.31
2024-06-27,34.37
2024-06-28,34.39
2024-07-01,34.21
2024-07-02,33.33
2024-07-03,33.33
2024-07-04,32.49
2024-07-05,32.95
2024-07-08,32.56
2024-07-09,31.66
2024-07-10,30.69
2024-07-11,30.38
2024-07-12,30.58
2024-07-15,31.35
2024-07-16,31.07
2024-07-17,32.74
2024-07-18,32.11
2024-07-19,32.65
2024-07-22,32.02
2024-07-23,31.88
2024-07-24,32.04
2024-07-26,32.2
2024-07-29,33.2
2024-07-30,35.57
2024-07-31,35.41
2024-08-01,36.39
2024-08-29,39.06
2024-08-30,39.22
2024-09-02,39.83
2024-09-03,39.64
2024-09-04,37.48
2024-09-05,36.3
2024-09-06,36.43
2024-09-09,36.27
2024-09-10,36.7
2024-09-11,34.75
2024-09-12,35.58
2024-09-13,35.14
2024-09-16,35.87
2024-09-17,34.52
2024-09-18,35.95
2024-09-19,35.82
2024-09-20,33.2
2024-09-23,34.99
2024-09-24,36.43
2024-09-25,35.81
2024-09-26,37.52
2024-09-27,38.07
2024-09-30,38.11
2024-10-01,38.94
2024-10-02,39.36
2024-10-03,38.64
2024-10-04,39.49
2024-10-07,40.74
2024-10-08,40.3
2024-10-09,38.59
2024-10-10,38.12
2024-10-11,39.79
2024-10-15,39.93
2024-10-16,39.48
2024-10-17,38.92
2024-10-18,39.37
2024-10-21,38.91
2024-10-22,39.61
2024-10-23,40.42
2024-10-24,41.16
2024-10-25,42.07
2024-10-28,43.47
2024-10-29,42.8
2024-10-30,43.04
2024-10-31,41.72
2024-11-04,39.05
2024-11-05,40.29
2024-11-06,40.5
2024-11-07,40.45
2024-11-08,41.31
2024-11-11,41.9
2024-11-12,43.61
2024-11-13,43.73
2024-11-14,43.86
2024-11-15,43.02
2024-11-18,45.98
2024-11-19,46.84
2024-11-20,45.39
2024-11-22,48.4
2024-11-25,47.0
2024-11-26,47.88
2024-11-27,47.15
2024-11-28,46.58
2024-11-29,46.35
2024-12-02,47.43
2024-12-04,48.78
2024-12-05,47.56
2024-12-09,46.39
2024-12-10,44.6
2024-12-11,45.36
2024-12-12,45.23
2024-12-13,43.16
2024-12-16,41.84
2024-12-17,40.96
2024-12-18,42.51
2024-12-19,41.53
2024-12-20,43.55
2024-12-23,44.61
2024-12-26,49.05
2024-12-27,49.42
2024-12-28,48.78
2025-01-02,53.49
2025-01-03,51.21
2025-01-07,47.59
2025-01-08,47.85
2025-01-09,45.86
2025-01-10,45.1
2025-01-13,45.56
2025-01-14,48.76
2025-01-15,47.43
2025-01-16,47.22
2025-01-17,46.37
2025-01-20,47.16
2025-01-21,48.36
2025-01-22,50.45
2025-01-23,47.65
2025-01-24,48.02
2025-01-27,48.7
2025-01-28,46.78
2025-01-29,47.53
2025-01-30,50.3
2025-01-31,50.91
2025-02-03,52.22
2025-02-04,52.77
2025-02-05,51.54
2025-02-06,52.87
2025-02-07,53.75
2025-02-10,54.63
2025-02-11,57.22
2025-02-12,56.61
2025-02-13,54.72
2025-02-14,50.62
2025-02-17,50.26
2025-02-18,47.7
2025-02-19,48.94
2025-02-20,47.1
2025-02-21,46.86
2025-02-24,46.08
2025-02-25,46.46
2025-02-26,43.66
2025-02-27,41.0
2025-02-28,44.38
2025-03-03,44.26
2025-03-04,44.95
2025-03-05,43.28
2025-03-06,40.86
2025-03-07,38.11
2025-03-10,39.78
2025-03-11,41.11
2025-03-12,42.88
2025-03-13,41.91
2025-03-14,41.14
2025-03-17,41.97
2025-03-18,41.09
2025-03-19,40.22
2025-03-20,42.5
2025-03-25,41.58
2025-03-26,40.37
2025-03-27,39.72
2025-03-28,40.04
2025-03-31,39.28
2025-04-01,39.37
2025-04-03,39.69
2025-04-04,37.61
2025-04-07,34.75
2025-04-08,34.7
2025-04-09,35.04
2025-04-10,31.89
2025-04-11,31.72
2025-04-14,31.73
2025-04-15,32.69
2025-04-16,32.02
2025-04-21,33.03
2025-04-22,33.03
2025-04-23,32.41
2025-04-24,32.44
2025-04-25,32.11
2025-04-29,30.47
2025-04-30,30.42
2025-05-05,31.89
2025-05-06,31.89
2025-05-07,33.31
2025-05-08,33.05
2025-05-09,34.21
2025-05-12,33.56
2025-05-13,34.16
2025-05-14,34.58
2025-05-19,34.1
2025-05-20,34.29
2025-05-21,36.06
2025-05-22,36.02
2025-05-23,34.95
2025-05-26,35.05
2025-05-27,35.05
2025-05-28,35.57
2025-05-29,35.45
2025-05-30,34.1
2025-06-02,33.37
2025-06-03,34.47
2025-06-04,35.21
2025-06-05,34.81
2025-06-06,35.79
2025-06-09,35.58
2025-06-10,35.2
2025-06-11,34.3
2025-06-12,35.55
2025-06-13,35.99
2025-06-16,37.4
2025-06-17,37.56
2025-06-18,38.89
2025-06-19,38.53
2025-06-20,41.45
2025-06-24,40.39
2025-06-25,35.7
2025-06-26,35.42
2025-06-27,33.94
2025-06-30,33.29
2025-07-01,33.2
2025-07-02,33.55
2025-07-03,33.54
2025-07-04,33.43
2025-07-07,33.17
2025-07-08,33.58
2025-07-09,34.31
2025-07-10,34.58
2025-07-11,35.16
2025-07-14,35.4
2025-07-15,35.17
2025-07-16,34.42
2025-07-17,34.8
2025-07-18,34.43
2025-07-21,33.43
2025-07-22,33.09
2025-07-23,33.03
2025-07-24,32.59
2025-07-28,32.26
2025-07-29,32.99
2025-07-30,34.02
2025-07-31,34.85
2025-08-01,35.06
2025-08-02,33.96
2025-08-29,31.09
2025-09-01,31.01
2025-09-02,31.59
2025-09-03,31.22
2025-09-04,31.19
2025-09-05,31.82
2025-09-08,31.26
2025-09-09,32.47
2025-09-10,32.58
2025-09-11,32.7
2025-09-12,31.75
2025-09-15,32.26
2025-09-16,31.53
2025-09-17,31.78
2025-09-18,31.95
2025-09-19,32.47
2025-09-22,32.02
2025-09-23,31.5
2025-09-24,31.87
2025-09-25,31.49
2025-09-26,31.99
2025-09-29,32.16
2025-09-30,31.72
2025-10-01,30.83
2025-10-02,30.82
2025-10-03,30.34
2025-10-07,30.33
2025-10-08,32.38
2025-10-09,31.73
2025-10-10,31.4
2025-10-13,31.09
2025-10-14,30.64
2025-10-15,30.92
2025-10-16,31.15
2025-10-17,31.68
2025-10-20,31.2
2025-10-21,30.83
2025-10-22,31.39
2025-10-23,30.94
2025-10-24,31.64
2025-10-27,31.14
2025-10-28,30.7
2025-10-29,30.97
2025-10-30,31.38
2025-10-31,30.59
2025-11-03,30.16
2025-11-04,30.9
2025-11-05,31.41
2025-11-06,30.83
2025-11-07,30.67
2025-11-11,30.23
2025-11-12,30.15
2025-11-13,29.81
2025-11-14,29.42
2025-11-17,30.6
2025-11-18,30.94
2025-11-19,31.08
2025-11-20,30.42
2025-11-21,30.43
2025-11-24,29.87
2025-11-25,29.37
2025-11-26,29.23
2025-11-27,29.12
2025-11-28,28.82
2025-12-01,28.99
2025-12-02,28.15
2025-12-03,27.69
2025-12-04,28.04
2025-12-05,26.92
2025-12-09,26.71
2025-12-10,27.27
2025-12-11,26.54
2025-12-12,26.59
2025-12-15,27.28
2025-12-16,27.18
2025-12-17,26.62
2025-12-18,27.13
2025-12-19,27.5
2025-12-22,28.12
2025-12-23,27.69
2025-12-29,28.55
2025-12-30,28.47
2026-01-02,28.86
2026-01-03,30.19
2026-01-04,31.2
2026-01-05,32.17
2026-01-06,29.03
2026-01-07,28.99
2026-01-08,29.83
2026-01-09,29.12
2026-01-10,30.46
2026-01-11,30.73
2026-01-12,30.83
2026-01-13,32.27
2026-01-14,33.34
2026-01-15,33.64
2026-01-16,35.5
2026-01-17,39.81
2026-01-18,40.63
2026-01-19,39.76
2026-01-20,37.23
2026-01-21,37.51
2026-01-22,41.18
2026-01-23,40.46
2026-01-24,42.24
2026-01-25,41.58
2026-01-26,42.52
2026-01-27,41.09
2026-01-28,40.29
2026-01-29,38.98
2026-01-30,39.76
2026-01-31,39.39
2026-02-01,41.06
2026-02-02,40.19
2026-02-03,33.45
2026-02-04,31.72
2026-02-05,32.4
2026-02-06,32.19
2026-02-07,34.26
2026-02-08,33.27
2026-02-09,33.75
2026-02-10,31.95
2026-02-11,30.18
2026-02-12,30.87
2026-02-13,31.19
2026-02-14,30.82
2026-02-15,30.85
2026-02-16,31.03
2026-02-17,29.29
2026-02-18,28.23
2026-02-19,29.7
2026-02-20,31.49
2026-02-21,30.15
2026-02-22,29.59
2026-02-23,29.35
2026-02-24,29.95
2026-02-25,29.24
2026-02-26,29.31
2026-02-27,30.11
2026-02-28,30.29
2026-03-01,33.61
2026-03-02,39.9
2026-03-03,42.92
2026-03-04,54.18
2026-03-05,49.1
2026-03-06,50.58
2026-03-07,52.24
2026-03-08,52.91
2026-03-09,60.41
2026-03-10,56.04
2026-03-11,46.47
2026-03-12,48.62
2026-03-13,48.73
2026-03-14,48.74
2026-03-15,52.07
2026-03-16,51.01
2026-03-17,49.28
2026-03-18,50.75
2026-03-19,53.75
2026-03-20,61.36
2026-03-21,57.26
2026-03-22,58.79
2026-03-23,59.63
2026-03-24,56.75
2026-03-25,52.4
2026-03-26,51.78
2026-03-27,54.24
2026-03-28,52.67
2026-03-29,52.87
2026-03-30,52.93
2026-03-31,52.33
2026-04-01,47.87
2026-04-02,45.52
2026-04-03,48.76
2026-04-04,49.98
2026-04-05,48.87
2026-04-06,49.05
2026-04-07,49.6
2026-04-08,50.81
2026-04-09,44.01
2026-04-10,44.22
2026-04-11,42.33
2026-04-12,44.74
2026-04-13,52.11
2026-04-14,45.0
2026-04-15,41.65
2026-04-16,40.04
2026-04-17,41.17
2026-04-18,38.09
2026-04-19,39.38
2026-04-20,41.02
2026-04-21,38.79
2026-04-22,40.93
2026-04-23,42.56
2026-04-24,43.71
2026-04-25,43.74
2026-04-26,43.35
2026-04-27,42.95
2026-04-28,43.56
2026-04-29,42.35
2026-04-30,45.79
2026-05-01,45.57
2026-05-02,45.47
2026-05-03,46.07
2026-05-04,46.99
2026-05-05,48.54
2026-05-06,46.77
2026-05-07,43.6
2026-05-08,42.05
2026-05-09,42.64
2026-05-10,42.36
2026-05-11,43.66
2026-05-12,45.49
2026-05-13,46.28
2026-05-14,46.33
2026-05-15,47.0
2026-05-16,49.41
2026-05-17,49.82
2026-05-18,49.85
2026-05-19,48.48
2026-05-20,50.22
2026-05-21,48.31
2026-05-22,47.56
2026-05-23,46.6
2026-05-24,46.21
2026-05-25,45.09
2026-05-26,44.35
2026-05-27,46.03
2026-05-28,45.58
2026-05-29,45.56
2026-05-30,44.43
2026-05-31,44.22
2026-06-01,46.32
2026-06-02,48.75
2026-06-03,47.79
2026-06-04,48.34
2026-06-05,48.18
2026-06-06,48.11
2026-06-07,47.76
2026-06-08,48.97
2026-06-09,49.28
2026-06-10,47.86
2026-06-11,48.8
2026-06-12,49.4
2026-06-13,46.04
2026-06-14,45.63
2026-06-15,46.65
2026-06-16,42.71
2026-06-17,42.51
2026-06-18,41.9
2026-06-19,41.2
2026-06-20,42.39
2026-06-21,42.47
2026-06-22,45.34
2026-06-23,42.55
2026-06-24,42.53
2026-06-25,41.4
2026-06-26,41.07
2026-06-27,40.7
2026-06-28,42.37
2026-06-29,44.03
2026-06-30,42.41
2026-07-01,43.67
2026-07-02,43.21
2026-07-03,44.91
2026-07-04,45.53
2026-07-05,46.46
2026-07-06,46.0
2026-07-07,45.16
2026-07-08,48.5
2026-07-09,50.38
2026-07-10,51.41
2026-07-11,48.89
2026-07-12,50.15
2026-07-13,51.38
2026-07-14,53.08
2026-07-15,55.98
2026-07-16,57.33
2026-07-17,57.73
2026-07-18,59.39
2026-07-19,61.33
2026-07-20,61.71
2026-07-21,61.06
2026-07-22,62.24
2026-07-23,65.02
2026-07-24,64.58
2026-07-25,64.79
2026-07-26,64.85
2026-07-27,62.46
2026-07-28,59.9
2026-07-29,58.01
2026-07-30,61.4
2026-07-31,59.33
2026-08-01,59.16
2026-08-02,60.75
2026-08-03,58.66
2026-08-04,57.82
2026-08-05,56.1
2026-08-06,52.41
2026-08-07,55.84
2026-08-08,54.9
2026-08-09,55.95
2026-08-10,56.62
2026-08-11,60.44
2026-08-12,59.05
2026-08-13,60.45
2026-08-14,60.77
2026-08-15,60.81
2026-08-16,62.41
2026-08-17,63.46
2026-08-18,61.77
2026-08-19,63.61
2026-08-20,63.47
2026-08-21,65.61
2026-08-22,66.31
2026-08-23,66.68
2026-08-24,66.22
2026-08-25,67.97
2026-08-26,66.1
2026-08-27,65.86
2026-08-28,68.38
2026-08-29,66.67
2026-08-30,66.7
2026-08-31,67.11
2026-09-01,70.27
2026-09-02,72.48
2026-09-03,73.91
2026-09-04,72.1
2026-09-05,72.85
2026-09-06,79.03
2026-09-07,77.63
2026-09-08,74.76
2026-09-09,77.44
2026-09-10,80.77
2026-09-11,83.46
2026-09-12,81.36
2026-09-13,82.93
2026-09-14,84.96
2026-09-15,85.71
2026-09-16,83.1
2026-09-17,80.24
2026-09-18,78.81
2026-09-19,81.96
2026-09-20,81.2
2026-09-21,83.8
2026-09-22,75.53
2026-09-23,75.41
2026-09-24,74.33
2026-09-25,73.98
2026-09-26,74.23
