fecha,BASE_Q1_2027,BASE_Q2_2027,BASE_Q4_2026,BASE_YEAR_2027,BASE_M_Oct-26,BASE_M_Nov-26,BASE_M_Dec-26,BASE_YEAR_2028,BASE_YEAR_2029
2026-01-02,,,66.3,53.15,,,,,
2026-01-05,,,64.65,52.0,,,,,
2026-01-06,,,64.85,51.75,,,,,
2026-01-07,,,65.0,52.05,,,,,
2026-01-08,,,64.8,52.0,,,,,
2026-01-09,,,65.05,52.05,,,,,
2026-01-12,,,65.65,52.8,,,,,
2026-01-13,,,66.5,53.45,,,,,
2026-01-14,,,67.2,53.8,,,,,
2026-01-15,,,69.0,54.1,,,,,
2026-01-16,,,71.0,55.5,,,,,
2026-01-19,,,69.8,54.5,,,,,
2026-01-20,,,70.0,54.9,,,,,
2026-01-21,,,71.25,56.0,,,,,
2026-01-22,,,71.0,55.95,,,,,
2026-01-23,,,71.0,55.9,,,,,
2026-01-26,,,69.0,55.35,,,,,
2026-01-27,,,69.2,55.0,,,,,
2026-01-28,,,68.85,55.35,,,,,
2026-01-29,,,71.0,55.15,,,,,
2026-01-30,,,71.1,55.3,,,,,
2026-02-02,,,70.25,55.0,,,,,
2026-02-03,,,70.25,54.15,,,,,
2026-02-04,,,70.15,53.45,,,,,
2026-02-05,,,69.4,53.4,,,,,
2026-02-06,,,70.45,53.4,,,,,
2026-02-09,,,70.1,53.8,,,,,
2026-02-10,,,69.25,53.4,,,,,
2026-02-11,,,68.9,53.05,,,,,
2026-02-12,,,68.8,52.85,,,,,
2026-02-13,,,68.35,53.0,,,,,
2026-02-16,,,67.8,52.65,,,,,
2026-02-17,,,68.2,52.95,,,,,
2026-02-18,,,69.26,53.45,,,,,
2026-02-19,,,71.9,55.2,,,,,
2026-02-20,,,71.5,55.15,,,,,
2026-02-23,,,70.95,54.95,,,,,
2026-02-24,,,69.7,55.0,,,,,
2026-02-25,,,69.15,55.0,,,,,
2026-02-26,,,69.0,54.0,,,,,
2026-02-27,,,69.0,53.75,,,,,
2026-03-02,,,75.5,55.25,,,,,
2026-03-03,,,83.0,56.5,,,,,
2026-03-04,,,76.0,55.5,,,,,
2026-03-05,,,77.5,56.25,,,,,
2026-03-06,,,80.0,57.1,,,,,
2026-03-09,,,84.0,58.0,,,,,
2026-03-10,,,80.0,56.5,,,,,
2026-03-11,,,80.4,56.25,,,,,
2026-03-12,,,81.0,56.25,,,,,
2026-03-13,,,78.8,56.1,,,,,
2026-03-16,,,79.7,55.5,,,,,
2026-03-17,,,79.5,55.3,,,,,
2026-03-18,,,82.5,56.7,,,,,
2026-03-19,,,86.25,58.5,,,,,
2026-03-20,,,85.25,58.7,,,,,
2026-03-23,,,85.5,58.15,,,,,
2026-03-24,,,85.1,57.0,,,,,
2026-03-25,,,85.0,57.1,,,,,
2026-03-26,,,86.2,57.4,,,,,
2026-03-27,,,86.25,57.55,,,,,
2026-03-30,72.64,,86.5,56.75,,,,,
2026-03-31,71.5,,85.05,56.35,,,,,
2026-04-01,70.99,,82.65,55.95,,,,,
2026-04-02,72.5,,83.5,56.7,,,,,
2026-04-07,73.25,,84.75,57.2,,,,,
2026-04-08,71.0,,80.35,55.85,,,,,
2026-04-10,71.5,,80.8,56.1,,,,,
2026-04-13,72.01,,82.5,56.5,,,,,
2026-04-14,70.15,,81.15,56.1,,,,,
2026-04-15,69.84,,80.7,55.85,,,,,
2026-04-16,71.0,,81.5,56.75,,,,,
2026-04-17,70.5,,80.25,56.6,,,,,
2026-04-20,70.25,,80.6,56.6,,,,,
2026-04-21,69.5,,82.0,56.9,,,,,
2026-04-22,70.5,,81.8,56.7,,,,,
2026-04-23,70.87,,82.5,57.0,,,,,
2026-04-24,70.75,,82.75,57.0,,,,,
2026-04-27,70.25,,83.5,57.4,,,,,
2026-04-28,70.4,,84.1,58.2,,,,,
2026-04-29,71.5,,86.0,59.0,,,,,
2026-04-30,72.0,,86.8,59.5,,,,,
2026-05-04,73.0,,88.88,60.85,,,,,
2026-05-05,74.0,,86.5,59.3,,,,,
2026-05-06,71.0,,84.15,58.0,,,,,
2026-05-07,69.43,,83.6,57.2,,,,,
2026-05-08,69.98,,83.85,57.65,,,,,
2026-05-11,71.5,,86.25,58.45,,,,,
2026-05-12,72.5,,88.0,59.1,,,,,
2026-05-13,72.0,,86.75,59.1,,,,,
2026-05-15,72.7,,88.65,60.0,,,,,
2026-05-18,73.0,,88.0,59.9,,,,,
2026-05-19,73.25,,89.7,60.15,,,,,
2026-05-20,73.15,,88.0,59.6,,,,,
2026-05-21,73.3,,88.3,59.5,,,,,
2026-05-22,73.0,,87.0,59.6,,,,,
2026-05-25,72.2,,87.0,58.95,,,,,
2026-05-26,73.25,,87.8,59.95,,,,,
2026-05-27,73.25,,87.75,60.0,,,,,
2026-05-28,74.53,,90.0,60.75,,,,,
2026-05-29,74.45,,91.2,60.7,,,,,
2026-06-01,75.31,,92.0,61.4,,,,,
2026-06-02,75.25,,90.7,61.2,,,,,
2026-06-03,78.64,,92.5,62.2,,,,,
2026-06-04,74.0,,90.9,61.45,,,,,
2026-06-05,72.0,,90.8,61.8,,,,,
2026-06-08,72.68,,92.8,62.34,,,,,
2026-06-09,75.04,,92.6,62.55,,,,,
2026-06-10,76.0,,93.5,63.3,,,,,
2026-06-11,77.8,,94.0,63.75,,,,,
2026-06-12,76.0,,92.0,62.5,,,,,
2026-06-15,71.5,,88.5,60.35,,,,,
2026-06-16,73.0,,87.85,60.1,,,,,
2026-06-17,71.25,,85.2,59.0,,,,,
2026-06-18,71.0,,84.3,58.5,,,,,
2026-06-19,71.95,,86.0,59.0,,,,,
2026-06-22,72.85,,84.6,59.8,,,,,
2026-06-23,72.5,,83.8,59.5,,,,,
2026-06-24,72.2,,83.7,59.25,,,,,
2026-06-25,71.75,,83.2,59.25,,,,,
2026-06-26,71.0,41.3,83.2,59.7,,,,,
2026-06-29,71.0,41.79,84.2,60.2,,,,,
2026-06-30,71.35,43.5,86.5,60.45,,,,,
2026-07-01,71.3,43.57,85.95,60.55,,,,,
2026-07-02,72.6,43.5,86.65,61.1,,,,,
2026-07-03,73.3,44.94,89.0,62.5,,,,,
2026-07-06,73.75,44.83,89.5,62.5,,,,,
2026-07-07,74.2,45.43,90.9,63.2,,,,,
2026-07-08,75.4,47.23,93.5,63.95,,,,,
2026-07-09,75.8,46.0,93.75,64.29,,,,,
2026-07-14,76.0,46.25,99.1,65.5,,,,,
2026-07-15,78.0,47.0,101.44,65.9,,,,,
2026-07-16,78.12,47.75,100.7,66.0,,,,,
2026-07-17,80.4,48.5,104.3,67.3,,,,,
2026-07-20,82.5,48.0,105.75,68.0,,,,,
2026-07-21,87.6,48.0,108.0,69.0,,,,,
2026-07-22,91.75,52.25,116.0,73.5,,,,,
2026-07-23,87.25,51.0,112.0,71.0,,,,,
2026-07-24,87.75,50.77,114.3,70.9,,,,,
2026-07-27,83.0,49.0,106.5,67.0,,,,,
2026-07-28,80.5,44.92,103.25,65.2,,,,,
2026-07-29,85.0,48.23,109.35,67.3,,,,,
2026-07-30,87.0,47.82,105.6,67.4,,,,,
2026-07-31,86.5,47.73,106.5,67.6,,,,,
2026-08-03,85.73,47.31,104.75,67.0,,,,,
2026-08-04,86.5,47.31,104.4,67.75,,,,,
2026-08-05,83.5,45.85,99.45,66.4,,,,,
2026-08-06,85.5,45.0,102.5,66.5,,,,,
2026-08-07,85.5,46.0,103.0,68.0,,,,,
2026-08-10,92.0,46.39,110.75,70.0,,,,,
2026-08-11,90.0,47.02,107.49,70.15,,,,,
2026-08-12,90.0,47.36,109.7,70.5,,,,,
2026-08-13,89.1,47.72,108.6,70.65,,,,,
2026-08-14,89.75,48.64,109.93,71.75,,,,,
2026-08-17,90.0,49.25,110.2,71.2,,,,,
2026-08-18,90.0,49.74,112.5,71.25,,,,,
2026-08-19,91.25,50.0,112.55,72.8,,,,,
2026-08-20,95.0,51.5,115.3,74.1,,,,,
2026-08-28,100.75,49.7,121.0,75.7,,,,,
2026-08-31,106.25,50.25,127.25,77.85,,,,,
2026-09-01,110.2,51.87,132.0,79.0,,,,,
2026-09-02,114.75,53.98,136.65,82.2,,,,,
2026-09-03,113.55,53.5,134.75,81.4,,,,,
2026-09-04,112.5,53.9,133.5,81.0,,,,,
2026-09-07,114.9,54.9,135.45,82.4,,,,,
2026-09-09,116.5,56.25,137.31,84.97,133.85,138.57,139.57,63.0,57.9
2026-09-10,116.5,56.25,137.31,84.97,133.85,138.57,139.57,63.0,57.9
2026-09-11,123.5,59.0,146.0,88.5,139.0,148.54,150.56,64.25,57.75
2026-09-12,128.3,61.65,149.6,93.0,139.75,153.59,155.6,65.3,57.7
2026-09-17,131.2,60.0,149.51,91.0,138.75,156.0,154.01,64.5,57.5
2026-09-18,126.0,56.9,145.0,88.4,136.25,151.81,147.17,61.0,57.5
2026-09-19,125.0,55.0,142.85,86.8,135.1,149.6,144.08,61.0,57.25
2026-09-22,126.7,56.85,146.8,89.5,139.0,154.34,147.31,61.2,58.0
2026-09-23,119.0,55.5,138.75,86.0,131.75,146.13,138.62,59.3,57.4
2026-09-25,115.5,55.0,136.8,85.8,129.35,143.58,137.7,58.4,57.25
2026-09-26,117.5,57.49,141.35,87.9,133.2,147.83,143.24,61.0,58.75
