fecha,hora,precio_es,precio_pt
2026-09-09,1,177.84,177.84
2026-09-09,2,157.25,157.25
2026-09-09,3,145.3775,145.3775
2026-09-09,4,141.625,141.625
2026-09-09,5,139.3025,139.3025
2026-09-09,6,143.63,143.63
2026-09-09,7,172.185,172.185
2026-09-09,8,192.44,192.44
2026-09-09,9,181.6775,181.6775
2026-09-09,10,134.425,134.425
2026-09-09,11,32.0325,37.2875
2026-09-09,12,0.3225,12.24
2026-09-09,13,1.0,12.24
2026-09-09,14,1.0,6.4375
2026-09-09,15,1.0,5.0175
2026-09-09,16,1.0,1.27
2026-09-09,17,1.04,1.6875
2026-09-09,18,3.0525,3.1
2026-09-09,19,40.0775,40.0775
2026-09-09,20,150.0775,150.0775
2026-09-09,21,205.515,205.515
2026-09-09,22,201.17,201.17
2026-09-09,23,187.9925,187.9925
2026-09-09,24,175.10000000000002,175.10000000000002
2026-09-10,1,183.825,183.825
2026-09-10,2,181.6875,181.6875
2026-09-10,3,182.6875,182.6875
2026-09-10,4,183.4375,183.4375
2026-09-10,5,183.375,183.375
2026-09-10,6,190.02,190.02
2026-09-10,7,212.2,212.2
2026-09-10,8,232.1325,232.1325
2026-09-10,9,222.045,222.045
2026-09-10,10,170.29000000000002,170.29000000000002
2026-09-10,11,83.415,83.415
2026-09-10,12,14.9,18.3125
2026-09-10,13,7.255,13.12
2026-09-10,14,10.5225,12.6175
2026-09-10,15,12.114999999999998,12.114999999999998
2026-09-10,16,11.57,11.57
2026-09-10,17,17.2675,17.2675
2026-09-10,18,69.45,69.45
2026-09-10,19,137.025,137.025
2026-09-10,20,222.8925,222.8925
2026-09-10,21,271.53,271.53
2026-09-10,22,254.7225,254.7225
2026-09-10,23,225.285,225.285
2026-09-10,24,205.4875,205.4875
2026-09-11,1,230.57,230.57
2026-09-11,2,217.22,217.22
2026-09-11,3,202.9925,202.9925
2026-09-11,4,198.605,198.605
2026-09-11,5,197.21,197.21
2026-09-11,6,197.1325,197.1325
2026-09-11,7,206.1025,206.1025
2026-09-11,8,224.275,224.275
2026-09-11,9,215.83,215.83
2026-09-11,10,159.4475,159.4475
2026-09-11,11,63.135000000000005,63.135000000000005
2026-09-11,12,35.045,35.045
2026-09-11,13,17.375,22.455
2026-09-11,14,14.55,14.55
2026-09-11,15,10.77,10.77
2026-09-11,16,10.01,10.01
2026-09-11,17,19.8525,19.8525
2026-09-11,18,66.78999999999999,66.78999999999999
2026-09-11,19,102.5325,102.5325
2026-09-11,20,196.3675,196.3675
2026-09-11,21,242.8,242.8
2026-09-11,22,233.925,233.925
2026-09-11,23,213.49,213.49
2026-09-11,24,192.0725,192.0725
2026-09-12,1,205.8025,205.8025
2026-09-12,2,199.035,199.035
2026-09-12,3,196.385,196.385
2026-09-12,4,189.3,189.3
2026-09-12,5,184.2325,184.2325
2026-09-12,6,186.1675,186.1675
2026-09-12,7,191.685,191.685
2026-09-12,8,192.6625,192.6625
2026-09-12,9,169.665,169.665
2026-09-12,10,81.22,81.22
2026-09-12,11,1.895,1.895
2026-09-12,12,0.0275,0.0275
2026-09-12,13,0.0,0.0
2026-09-12,14,0.0,0.0
2026-09-12,15,0.0,0.0
2026-09-12,16,0.0,0.0
2026-09-12,17,0.0725,0.0725
2026-09-12,18,1.6475,1.6475
2026-09-12,19,63.5475,63.5475
2026-09-12,20,171.865,171.865
2026-09-12,21,210.1925,210.1925
2026-09-12,22,203.7025,203.7025
2026-09-12,23,198.59,198.59
2026-09-12,24,190.975,190.975
2026-09-17,1,173.7,173.7
2026-09-17,2,155.99,155.99
2026-09-17,3,136.125,136.125
2026-09-17,4,125.455,125.455
2026-09-17,5,130.45499999999998,130.45499999999998
2026-09-17,6,140.515,140.515
2026-09-17,7,183.5425,183.5425
2026-09-17,8,202.425,202.425
2026-09-17,9,197.7175,197.7175
2026-09-17,10,165.015,165.015
2026-09-17,11,87.3725,87.3725
2026-09-17,12,8.4675,8.4675
2026-09-17,13,0.755,2.0
2026-09-17,14,1.0725,3.2725
2026-09-17,15,1.1,2.5
2026-09-17,16,6.75,8.182500000000001
2026-09-17,17,29.8625,29.8625
2026-09-17,18,97.54249999999999,97.54249999999999
2026-09-17,19,171.355,171.355
2026-09-17,20,211.19,211.19
2026-09-17,21,222.035,222.035
2026-09-17,22,218.6175,218.6175
2026-09-17,23,200.7125,200.7125
2026-09-17,24,190.1775,190.1775
